FIRST_NAME,LAST_NAME,USERNAME,PASSWORD
Carola,Wingate,cwingate0,uf9ngmeKeuS4
Dosi,Vedenisov,dvedenisov1,Iy5Afex
Yetta,Crallan,ycrallan2,QbObQKd
Demetria,Barrott,dbarrott3,vz8UtDwivsvX
Mair,Lockyer,mlockyer4,pWUHefEOV
Marjy,Cobbin,mcobbin5,MBlEUi2Hnb45
Jakob,Baggelley,jbaggelley6,3YgpKlTRX
Ashlen,Freyn,afreyn7,KIFAZFAAx69
Corey,MacInnes,cmacinnes8,KvNl9WhZODC
Berkly,Pulsford,bpulsford9,fa668JU
Joanne,Stilwell,jstilwella,aaf8ggh
Guglielmo,Racher,gracherb,O21f6rrbeX
Carly,McLoney,cmcloneyc,QGhdT0Dis
Borg,Collymore,bcollymored,NEflZzSQfq
Margette,Dancey,mdanceye,NMJOdmiLUf3
Nowell,Tallon,ntallonf,KDFdkMk6bvVE
Hedwiga,Marquet,hmarquetg,pLys2JcIWjF
Dorotea,Barkworth,dbarkworthh,ChfdFZUb3
Cece,Shuttlewood,cshuttlewoodi,GHXlOzjO
Orrin,MacVaugh,omacvaughj,h5YnlOBY
Renata,Schankelborg,rschankelborgk,naAihVRPd4o
Dietrich,Locke,dlockel,m5SPFQpRPlu
Dorri,Siveter,dsiveterm,AYHy1Jw
Wildon,Cromer,wcromern,Po42EovuU2F
Annabela,Sully,asullyo,DngxHDF8Gp
Pat,Ravilious,praviliousp,rpY3AeGd1h3i
Filip,Pearsey,fpearseyq,6eQwb1u
Kerry,Twells,ktwellsr,oBgvszS
Vina,Devorill,vdevorills,3wghehzLs
Claudette,Malyj,cmalyjt,iiOSMKJq6
Farly,Berrisford,fberrisfordu,dmIgaCEd
Rollo,Girhard,rgirhardv,zIyhQpylIZI
Victoria,Feuell,vfeuellw,Ras7dF4Wx
Sibby,Fills,sfillsx,NTTpwImvL2
Poppy,McGonigle,pmcgonigley,sTYnVueYy
Valerie,Gotcliffe,vgotcliffez,8LD9Xqht
Heath,Chatwin,hchatwin10,UFnpqdGpMRp
Valery,Menguy,vmenguy11,NNX6iNNAH
Staffard,Mowat,smowat12,um292ABqa
Skippie,Houdmont,shoudmont13,5c5BLa64
Maddie,Shankle,mshankle14,Nn1SOA7vrR2
Lenore,Scholar,lscholar15,zZS9qnAFkX
Royal,Scurlock,rscurlock16,rDPehj6Aokd6
Arabelle,Darrigoe,adarrigoe17,6A9AZMfUOBH
Gaye,Demcak,gdemcak18,DNzdJ6954gA
Fields,Jahan,fjahan19,HcMunkP
Marcelle,McClinton,mmcclinton1a,E81hfo
Cori,Mewis,cmewis1b,DNLG8WLvu2r
Linnell,Scottini,lscottini1c,Emxt5rBBM
Lem,Spink,lspink1d,rT8YEyM
Nancy,Roome,nroome1e,rgBL49Ly
Joyann,Graffin,jgraffin1f,lFcVSAjff5
Barnaby,Tonbye,btonbye1g,uucsk6XC8
Izzy,Gerrens,igerrens1h,57BcAzu5mUF
Bink,Schultheiss,bschultheiss1i,GyIdxpjcvXiD
Marquita,Whisker,mwhisker1j,gLLqbE
Nita,Karpol,nkarpol1k,QVHot41eX
Laurie,Beste,lbeste1l,vnmZn7CO3e3V
Adelaide,Ilewicz,ailewicz1m,EAptBp
Dorolice,O'Dowd,dodowd1n,UUOjTsuVdQ
Prinz,Vockins,pvockins1o,VsDUdR8
Kaleb,Ranaghan,kranaghan1p,PH5qX5lRJ
Tam,Cottell,tcottell1q,hj4qHOSTP4vw
Addi,Bettesworth,abettesworth1r,5BQoiS
Uri,Crompton,ucrompton1s,eVyrlg
Tabb,Alsford,talsford1t,LAn0S16Yo8Mz
Luz,Spofforth,lspofforth1u,6PsZCWSX
Bernardo,O' Cloney,bocloney1v,VS3rP7Vfa
Chaunce,Sear,csear1w,gtT8ZZM
Madison,Sinclair,msinclair1x,fzZSKTbOZ
Vite,De Angelis,vdeangelis1y,Sv1TOC2GCi
Renate,Pech,rpech1z,IWDJPk
Waylin,Strudwick,wstrudwick20,IEGsHWx4
Nedi,Sayre,nsayre21,ZZsGMiz
Jarib,Turbern,jturbern22,h1YXmqIl8
Ingmar,Whitworth,iwhitworth23,jUCbfk
Cirillo,Tomaino,ctomaino24,IbqPfNqvVB
Dino,Jewis,djewis25,bmsg101
Cosimo,Althorpe,calthorpe26,YR9hK1hr
Sena,Vida,svida27,ndFD5HSem2
Josias,Van der Brug,jvanderbrug28,m0vfwMH
Tammy,Smitton,tsmitton29,oDrsQ8gR
Irwinn,Thal,ithal2a,uctmEns9t
Robin,Vispo,rvispo2b,IOseSKC
Norine,Weyman,nweyman2c,n23C2M9B
Ysabel,Aldersley,yaldersley2d,yRrCtsU4UawD
Allyn,Champagne,achampagne2e,Z5dgpJ
Kalila,Kramer,kkramer2f,9FH7G7
Gav,Kemmey,gkemmey2g,HH1P44V
Esme,Folliott,efolliott2h,Fi16g6FWKE
Maxie,Salleir,msalleir2i,UwIENZxhMtFL
Fransisco,Duddan,fduddan2j,9bJodfdO0
Mathilda,Tomasino,mtomasino2k,NhMr2cj
Rand,Ellerey,rellerey2l,s1n55I14
Brittaney,Bescoby,bbescoby2m,u1rDge37uy
Malcolm,Ludye,mludye2n,EKGyXiL
Karlie,Novelli,knovelli2o,0sLR3t
Tulley,Bodley,tbodley2p,aEPyC9D6nV
Alethea,Joselevitch,ajoselevitch2q,HEbbvxMTQ
Michale,Ready,mready2r,xeBh4MKq
